<?xml version="1.0" encoding="UTF-8"?>
<project-private xmlns="http://www.netbeans.org/ns/project-private/1">
    <editor-bookmarks xmlns="http://www.netbeans.org/ns/editor-bookmarks/2" lastBookmarkId="0"/>
    <open-files xmlns="http://www.netbeans.org/ns/projectui-open-files/2">
        <group>
            <file>file:/C:/Users/CamaraAdmin/Desktop/Year%202-Semester%202/SoftwareEngineering-Sem2/MyMusicApp/src/mymusicapp/MyMusicApp.java</file>
            <file>file:/C:/Users/CamaraAdmin/Desktop/Year%202-Semester%202/SoftwareEngineering-Sem2/MyMusicApp/src/MyMusicAppGUI.java</file>
        </group>
    </open-files>
</project-private>
